cluster_label,rushes,pressure_rate_imm,avg_ttp_imm,pressure_rate_pocket,avg_ttp_pocket,mean_epa,mean_def_effect
Speed Rush (Wide Arc),1368,0.039473684210526314,2.5777777777777775,0.23391812865497075,2.1262499999999998,0.15662071719085185,-0.15662071719085185
Bull Rush (Power),1540,0.0006493506493506494,1.6,0.012987012987012988,2.08,0.17233326444363917,-0.17233326444363917
Explosive Burst,1992,0.023092369477911646,2.484782608695652,0.2540160642570281,2.1877470355731226,0.1934253910952481,-0.1934253910952481
Inside Pressure / Slant,738,0.23577235772357724,2.6798850574712643,0.5989159891598916,2.3020361990950224,0.21931564453716096,-0.21931564453716096
Spin / Counter Rush,1967,0.11235383833248602,2.6085972850678734,0.4865277071682766,2.3149425287356324,0.2603974033507219,-0.2603974033507219
Finesse Rush,457,0.0,,0.015317286652078774,2.8428571428571425,0.3002184114043399,-0.3002184114043399
