cluster_dtw,cluster_dtw_label,rushes,pressure_rate_imm,avg_ttp_imm,pressure_rate_pocket,avg_ttp_pocket,strain_mean,mean_epa,mean_def_effect,qb_move
3.0,DTW Cluster 3,1,0.0,,0.0,,-0.36082886756807436,-0.148143024780074,0.148143024780074,9.431925328787162
5.0,DTW Cluster 5,32,0.0,,0.0,,0.04426009786688772,-0.05091856324023411,0.05091856324023411,3.6598161315051803
0.0,DTW Cluster 0,513,0.08966861598440545,2.6043478260869564,0.3937621832358674,2.2613861386138616,0.274292918410015,0.22110820908807077,-0.22110820908807077,3.9487728534227804
1.0,DTW Cluster 1,22,0.0,,0.045454545454545456,0.0,-0.10917525899819762,0.37079233057662003,-0.37079233057662003,7.5718692782387365
2.0,DTW Cluster 2,25,0.0,,0.0,,-0.2173120748813,0.5261522387547968,-0.5261522387547968,4.861889131607464
4.0,DTW Cluster 4,7,0.0,,0.0,,-0.2985007419331667,0.5318203815300326,-0.5318203815300326,7.733605527076214
